sequence,efficiency
ACGTACAGGCCCCTGTCATT,-1.0144377970540894
CGTACAGGCCCCTGTCATTG,0.7859624914697889
GTACAGGCCCCTGTCATTGG,2.0352373269385016
CGCTGAAACCCGATTCCTAC,-0.9975150094571994
TCAATGTGACGGGCTATTAC,-0.41829598914914534
TTCCTGTTGGGGCAGGGTGG,-0.5658816776919213
ACACCCTCAGCCAGGGGCAC,0.9188102566551031
GAGACAGTACATGCCCTGGG,2.3104536214280156
GGGGTGTGACCTGCTTCTTC,-1.0973733083380868
TCAACTACACCCTCAGCCAG,2.0209591198330976
CTGGCAGGCCAATCTGGTCT,-0.5511865331664136
ACCAGCAAAGAAGTTAAGGA,1.3921528860244141
ATCTGTGCCCGATTGATGAC,-0.37025352784364074
GAACGCCAACAGCTCCCCCG,1.364947609158138
AGATGCAGGCTGCAGATGCC,-0.17760957719256965
CCTCAGCCAGGGGCACAGGG,1.6575826572529806
GCTGAAACCCGATTCCTACC,1.079231504217784
TGCCCTCCATGTACTCGCTG,1.6538441864918507
CCTTGGACCAAAGTAAAGCG,2.1420296798676155
GCTCAGTCTTGTCAATGTCG,-0.26118396541540534
TAGAGTGGTGGAATGACCTG,2.3614836194327893
TGCACCTCCGTACCTTCATG,1.9637515619869585
CACTTCCAGAAGACCCCAAC,-1.4090724833933281
GGTAATAGCCCGTCACATTG,1.6131818537748774
CGTGATGGCAGTGGATGCAC,1.9857195798939653
TACCTCACCCCCAATGACAG,1.7752414419786344
TGCGGGACATCATGAACCGC,0.4719162571003679
CAATGTGACGGGCTATTACC,0.3938146181960551
GAACCTGTGGGACCACCTGC,0.43097999852578894
TATCGCCCAGGGCGGGGAGG,-0.726805488174671
TTTACTTTGGTCCAAGGTGG,0.7885018562772341
AGTTCCAGAGTGTGAGGAGA,1.8491579750669533
CGATTATGCCCTGAACGTGA,-1.2025589007153021
TGGTGGGGAGTTGGATGGAC,0.6038888590940914
CACCCTCAGCCAGGGGCACA,1.4341475587676662
TGCGGAGCCCACCTGGAACT,1.1380532899168863
TGGAACTCCGTTGGAGCAGG,2.02750606861529
CAACGCTATCGCCCAGGGCG,-1.2291530123080356
TCTCTCTTCAATCAGGAAGA,1.7184772786423848
CACCATCTACCTGAACCTGT,0.47814025600670806
CTGGGGACTGGTGACCTACC,1.0445014011023463
GCAGGCATCCAATGGTGTCT,-0.4692005301445761
GCTCAACTACACCCTCAGCC,-0.6303222774035087
CGTACCTCACCCCCAATGAC,0.46004013633721996
TCAGCTGCAGAGAGACCACT,2.1497351630016137
CTCCCACTCACTGGTCCATC,-0.9270830587711174
CATTAATGACGCCTTCAACC,1.1794504677203301
GGGCTTCCCGGTCATCACGG,1.854234130281439
TCCTGAGGACTGAGGCGCCC,2.010838799933664
CTGTCCAACATGCTTCCCAA,1.40186166012169
CCAGAGTGACAGGGACCTTA,-0.6941494676789723
GTTCATGATGTCCCGCACGG,2.5092099725034664
GGAGAGCATCCTGAGGACTG,-0.9409947075175022
GGTGGAGCCCACCGAGTACC,-0.11487594508790266
TGAAGTAGCTCAGGCTGCTC,0.3683957598349519
CCACCCTGTGCCCCTGGCTG,0.5886208812620808
CGTATTCAAGCAGGGCCTGG,1.933570769893178
GGACAGGGGGTCGAACAGCA,2.0981851534517695
AGCGGAGCACTCACCTGGCC,-1.1796613097208102
CAGCAAGTACGTGGACATCT,-0.829228858200894
GGACGGGGTGGTGGAGGCCA,-0.9569147793852792
GGGGTTGGTGGTGGCTGAGG,0.932680938729959
GGGTGTGGACAGCGGGTGGG,1.0507860517505012
AGCCCTTGAGGTGCACCACC,0.46044219239288786
CTTCTATATTTCCAAGTCCC,0.15078918634002125
GGAGTTGGCAGATGACCTGG,1.641929452701424
TGTAGTTGAGCTTCTTGCTG,1.168465555757889
CACCAGTCCCCAGTTCTCCA,2.0573942242610155
GGTGGCCGAGGCGGGGTTGG,-0.7477238829257775
TGAGATGGACAGCGAGTTCG,0.0538553918523057
AGCACCCAGGTACTCCACGT,2.2589578317462387
CTTCCCATGCTTCGATGAGC,-0.7667174188396357
ACAGGGACCTTATGGGCACT,1.2969465295639626
ACATTCCAGTTGGGGTCTTC,-1.1480679949487183
CAGCACGGGGACCCTTTCCC,0.7463320828568332
TTCCAAGTCCCTGGGCATCC,-1.0294424917002942
CATACTGGCTGTCCTTCACC,1.2714451922354701
CCGAGGCGGGTGTGGACAGC,1.0680428581908945
CCAGCAAAGAAGTTAAGGAT,1.6611068610355781
GATGGACAGCGAGTTCGAGG,2.211083279032673
TCTGTGCCCGATTGATGACA,2.003379502944572
TGTGTACCGCGTGATGGCAG,2.344894980219088
CACTGGGCCGGGCCCAGATC,-1.0854062089701912
CGCCGGCGTTGAAGTCTGGC,-0.9785749507186798
CGTCAAACAGCTCACTGATC,-1.0736228225520836
TGTTCTGGTAGGCAAAGGTG,1.6042167249989312
CCCGCACGGTGGTGGGGAGT,1.2731542080637297
ATGACGCCTTCAACCTGGCC,-1.1621680500725553
TTTCTGAAGTGAATGAAGAG,1.4251227972987417
CAGTTGGGGTCTTCTGGAAG,0.022568338190399828
AAGAGAGACAGTACATGCCC,2.445136313085259
TGCACACGGCTGCCACGCCC,1.9022505239779264
CCAAGTCCCTGGGCATCCTG,0.9361601358342089
GCCGGCGCCATGGAGAACTG,2.185712237098473
GACCCCCACTCACCTGATTT,-1.1261207662987793
GAGGAAGTGCTCCTGGGAAA,0.6052488395301427
CCAGGATCCACCCCAACCTG,2.1449347309906557
CCCTACCCACTCCCAAAATC,-0.9244896406132934
CTCTGGAACTCCGTTGGAGC,1.5282619286919328
GGTTCAGGTAGATGGTGTTC,-0.26903886838347724
AGCTCAGTCTTGTCAATGTC,-0.45919978310416276
CGCCTCGGAGATCAACACGC,1.9856753312211808
TTTGGGAAGCATGTTGGACA,1.2863395353012237
TCAGAAATAATACCAACAAC,1.044218317215802
ACACCATCTACCTGAACCTG,0.9570880216516322
ACCCAGGTACTCCACGTAGG,2.024001604092792
TCAGTCTTGTCAATGTCGGG,2.05633027791502
TGGCTTACCAAGTTCCAGGT,2.4499214082524876
CTGCTCAGGGCGGCCTCCCA,-0.8815101294616561
GTGGTCCTGCGTGGTGTGGG,1.0610998576320796
AGACGGTGGACCGCAGGTTG,0.7343559374946622
CTTGTCAATGTCGGGGGGCT,-0.8675435333247457
TCTCTTCGTCGTAGTTCACC,2.517627139353592
ATCGCCGTGGCCCGCCGCAA,1.785373279212532
GAAGCATGGGAAGGACTTCC,-0.7801846244781618
TGCAGCCTGCATCTGTGTAG,1.8668318965495079
AACCGCTGGACCCTGCAGAT,-0.28374754419077775
CTTCGATGAGCCGGCCATGA,0.8283377061753132
TTTGACCGCTCCGAGGTCTA,-0.9865864788102492
CCCCGCCTCGGCCACCACCT,-1.059345515679297
GGTGGTGGCCGAGGCGGGGT,0.21086888627965017
CAGCTCAGTCTTGTCAATGT,-0.06267079946335485
CCCAGGGCGCCTCAGTCCTC,-0.8676425397957281
CCGCTCCTTGTTGCTGCTGG,-0.8587360233481114
GCAGGACCACCCTGTGCCCC,0.09358231396822525
AACGATCTCTTCAGCACATC,-1.5602324108659902
CACCGTCCGTTTCACCTGCA,1.1395227156667431
CTCAGTCTTGTCAATGTCGG,-0.5619138554057237
GAGGATCCCCAGGATGCCCA,1.652798171079425
GCCCTGCTTGAATACGTCCT,1.7596315854647422
GGGCACAGGGTGGTCCTGCG,0.750466276107387
TCCCCAGTTCTCCATGGCGC,2.1123468407094137
CAGAGATGGCAGACAGCAGC,0.6473466604874218
CCAACTCCCCACCACCGTGC,2.1920061827151383
CTGCTCACTTGAATTCTGAG,0.8467286765717965
CCCGCTGTCCACACCCGCCT,0.6536981391448453
CTCACCTTTGGGAAGCATGT,1.122904433789886
GCCTCATACCAAGACACCAT,1.9002977789183042
GGAGGATCCCCAGGATGCCC,1.4242492721040207
TCTGCTCACTTGAATTCTGA,-0.5470236157988566
ATCTGCTCACTTGAATTCTG,-1.2428776448534018
CGACATTGACAAGACTGAGC,0.6233680712754959
GAGATGGGGGTCTACCTGGT,1.1111009776185057
CACGGTGGTGGGGAGTTGGA,1.2090485448440962
CTCCTTGTTGCTGCTGGAGG,-1.1616295447125502
GCTTGAATACGTCCTCGGAC,1.5468770618194085
GGGCATCCTGGGGATCCTCC,-1.228864909330225
GTCCTCCTCCAGCAGCAACA,0.2348473747279094
CATTGACAAGACTGAGCTGG,1.4177338038828502
GGACGTATTCAAGCAGGGCC,0.7840938628173042
GGCGGGGTTGGTGGTGGCTG,-0.37937939472458027
GGCGGGTGTGGACAGCGGGT,1.98383702257372
GTACCTGGTGGTGCACCTCA,0.31037876565488176
CGCCATGGAGAACTGGGGAC,-0.2170553197703491
CTACTGCAACGCTATCGCCC,2.010993099974063
ACACCTTGCAGATCCGGATC,-0.628307127211734
AGCCACCACCAACCCCGCCT,-1.1556292423853094
CAGCAGCAACAAGGAGCGGG,1.9827740211231095
CCCACCATCACCATGGCCAA,1.9140312519475398
CTCCAGCAGCAACAAGGAGC,0.4558436619313273
ATGTGCTGAAGAGATCGTTC,-0.7378571367594553
CTGCTGTCTGCCATCTCTGA,0.2549087451369463
GGCATCCTGGGGATCCTCCT,0.38755557975923516
GGCGATAGCGTTGCAGTAGA,-1.2209409802227835
TCCGAGGACGTATTCAAGCA,-0.2012819968272801
GAGGTGCACCACCAGGTACT,0.15218219700862257
GCAGGTGAAACGGACGGTGC,-0.7480297122496591
GTTGCTGCTGGAGGAGGACA,1.523888756116099
CAGCAGGGAGTTCTCCCGGT,1.9381516881308478
TACCTGGTGGTGCACCTCAA,0.03737391305991622
GGCAGGGCCCACTCACCTTT,-0.5663595407584623
GTGGCCCGCCGCAATGGCAC,-0.2820895692807408
CGGGGTGGTGGAGGCCACGG,1.1915082217175232
GATTATGCCCTGAACGTGAC,1.0176403603815363
CTGCACCTTGCTGTAGGAGA,0.4576270924035164
CTTCTACCGCAGCGAGTACA,1.252417729794928
GTCAAGGAGGAAGTGCTCCT,0.3886727816300066
TAACATTGGAATCGGGGTCA,-0.7043438921095895
TGAACTACGACGAAGAGAAC,1.682492077738054
TGTGGACAGCGGGTGGGAGG,0.7948741292535288
AACGATTCCACGCTTTACTT,-1.2539002989018293
ACACATCATTCAGCACCATG,0.9320333813146995
CATCACGGTGGATACCAGCA,2.022042997385828
GTCGAACTCACTGACAATGA,1.9241987426168734
TACTGCAACGCTATCGCCCA,-0.9455842281587952
CTGGTATCCACCGTGATGAC,-0.14049006350261362
CATGCACCTCCGTACCTTCA,-0.7321426068234107
GTGGAGAAGCAGGCATCCAA,2.172759682065548
TGCAACGCTATCGCCCAGGG,1.449367720305455
CACCTTGCAGATCCGGATCT,-0.4908759176330886
ACCCACAGGCTGTGAACAAC,-0.8452716555738959
ATGGCGCCGGCGTTGAAGTC,-0.37213489555856505
GTTGGAGCAGGCGGTGCTGA,2.01957330455158
GTTTATTCCCAGTGCCCATA,-1.03173349004709
TCAGCACATCAGGCAATGAG,2.135578263778326
CAGTGCGATGATTGTGCACA,-0.8491596460352353
CCCCTCCCCCCACAGTGGTT,-1.0069325674895708
CCTCCTGCAGGTGGTCCCAC,-1.0370946003499029
GGGGCGGGTAACATTGGAAT,-0.5116122809563937
TGTGCTGAAGAGATCGTTCT,1.082577440443952
TCACTTGAATTCTGAGGGGC,1.0277127390586678
CCTTCACCAGGGAGCCCTTG,-0.08353513230869325
TGGCGTTCTTGTTCTTCTCC,-0.6682859268601558
ATGGCCGGCTCATCGAAGCA,1.0956935424424294
GCCTCCTACGTGGAGTACCT,0.7163762875431274
TACCGCAGCGAGTACATGGA,2.007034166630472
TTGCTGCTGGAGGAGGACAG,1.0810248716931827
CTCAACTACACCCTCAGCCA,1.1212879052881295
TCTGGCAGGCCAATCTGGTC,-0.451664931643192
CGGGTTTCAGCGTGTTGGGG,1.2706087004404623
GGAAGCTGGAGAGCATCCTG,-0.7877848365743958
GGGCTGTCAGGTCCTTGGGG,1.9925347330585979
GTACCTCACCCCCAATGACA,0.22871411419524001
ACTGGGGACTGGTGACCTAC,0.776601111293191
AGCGGGCTGCACCTTGCTGT,1.3467293909571314
AGGACAGGGGGTCGAACAGC,-0.7298786126570107
CGAAGCCCTCGTTCAGCCAC,1.3601561693181257
GGCGGGTAACATTGGAATCG,0.8921270994606303
GGTGGCAGACACTCACCGAG,2.374384314195419
TGCACCACCAGGTACTCGGT,2.1977387497610987
GACAGGGACCTTATGGGCAC,1.5137922349455248
TCCGAGGCGGGTGTGGACAG,2.1420921940782627
GCAGACAGCAGCAGGACTAC,1.2819819447947154
TTGAACTCGGCCTTCATGGC,1.3773456327897229
CCACGCTTTACTTTGGTCCA,0.02294576343414967
GGCCTGCCAGACTTCAACGC,2.253937178223646
CGCTATCGCCCAGGGCGGGG,-0.6478895753097866
GTACGTGGACATCTTGGGCG,1.8635189222694262
AGGGTGGTCCTGCGTGGTGT,0.7644754677751617
CGTCCGTTTCACCTGCAAGG,2.0276880112579327
CTGGCTTACCAAGTTCCAGG,0.9566745791375286
TAGACGGTGGACCGCAGGTT,0.9755653255415488
CCTGAGGACTGAGGCGCCCT,0.6125253527758332
CCTGGGGATCCTCCTGGGCG,-1.1800663996474885
CAGGTCATTCCACCACTCTA,1.149432604565602
GAGACCATCTCCTCACACTC,0.10890621326435568
GTGCATCCACTGCCATCACG,2.297200692240441
AGGGTGCAGTACTCACCGCC,0.6875009161576244
AGTGCCATTGCGGCGGGCCA,-1.346989345140944
CTGTCATTGGGGGTGAGGTA,0.652398831698811
TGGCCCGCCGCAATGGCACT,-0.4634632109253971
CAGAGTGACAGGGACCTTAT,-1.2460853707741837
ACGGGGTGGTGGAGGCCACG,1.655986658761
GATGTTGAACTCGGCCTTCA,0.21549961956747765
GTTGATCTCCGAGGCGGGTG,1.5335144752494632
TGAAGTCTGGCAGGCCAATC,-0.8349251372559525
TGCAGTAGACGGTGGACCGC,1.7603435545481538
CAACGGAGTTCCAGAGTGTG,1.2049693206529781
CGAGGTCTATGGCCCCATGA,0.7658532052436442
CTGGGAAAGGGTCCCCGTGC,-0.6000123240874977
CCACGCCCAGGAGGATCCCC,0.8746925907210361
GACCCTGCAGATGGGCTTCC,-1.337811848330631
CGCCTCCTACGTGGAGTACC,-0.804681042537311
CTACCGCAGCGAGTACATGG,2.1851489723605653
GAAGTAGCTCAGGCTGCTCA,1.6761654625271625
GCATGTTGGACAGGGCTGTC,-0.3445257542040441
CACCCTGTGCCCCTGGCTGA,0.8461129154188924
TACTGGCTGATAGATGTAAG,-0.614101182194176
ACACTCACGGGTTATTATTG,0.28828608874663786
CACTCACCTGGCCAGGTTGA,0.22330480544790632
GGAGATCCCAGAAAACCTGA,-1.0517288330619445
CCCCAGGATGCCCAGGGACT,-1.005620535578501
GCTCTCCAGCTTCCTGTCCG,1.9439458832024705
CAGGGTGGTCCTGCGTGGTG,-0.7778778843051004
TGTACTGTCTCTCTTCAATC,1.4324334626747213
AGCAAGTACGTGGACATCTT,-0.20120130054971774
CGCCGCAATGGCACTGGGCC,-1.3479107406558164
CGGCCCAGTGCCATTGCGGC,-1.090280473889866
GGCGTGTTGATCTCCGAGGC,1.754806505201918
GACGGGGTGGTGGAGGCCAC,0.7331898104445429
GGCTGCTACTGACCTCCTGC,0.17826566132796806
GGGAGCCTCCCACACCACGC,0.6362995378602623
ACCTGGTGACCATAGAGTGG,2.6941979060207206
AGCCCATCTGCAGGGTCCAG,2.068016509707366
CTTGGAAATATAGAAGCCCT,2.1144126932162726
GACACTCACGGGTTATTATT,-0.9690095137066708
CCCATCCTTAACTTCTTTGC,-0.757192750256845
CCGGCCCAGTGCCATTGCGG,1.6135172379571063
CGGCGTGTTGATCTCCGAGG,2.132518379201109
GATAGCGTTGCAGTAGACGG,2.462259029499318
TTCTATATTTCCAAGTCCCT,0.9512418101444737
AGACACTCACGGGTTATTAT,-1.133037888881156
GAGTTGGCAGATGACCTGGC,1.353612482936878
TCTTCTGGAAGTGGGGTGCT,-0.5328036251895334
TTGGTGGTGGCTGAGGCGGA,0.7875787292382714
CCTGCTGAACCTCAATGTGA,0.9229791519526263
CGAACAGCAGGGAGTTCTCC,1.3510209660521042
GGTGGCCACTACACAGATGC,1.2071990260615948
TCTCCATCCACTGCTTGAAA,-1.290903170892424
TGGTGGTGGCTGAGGCGGAC,-0.9183765791270773
CGGTCTCAGCGTCACCCGGT,-0.19427767965576948
GATGGTGTTCTGGTAGGCAA,0.7122803816048418
GGAATCGGGTTTCAGCGTGT,-0.8175771941719692
ATCACGGTGGATACCAGCAC,2.0356265629278845
CTGCTGAACCTCAATGTGAC,0.0773121272301509
CTGACTATGCGGAGCCCACC,-0.2809873803330287
GAATGACCTGTGGCTGAACG,0.5213356457617628
GATAAGCGTGATGTTGAACT,0.9521981230720424
GTCCCACAGGTTCAGGTAGA,-0.7016409815784979
TTGTTCAGCGCCAGAGTGAC,-0.6622895263580482
CAGGTAGATGGTGTTCTGGT,2.2760539299810754
CATGATGTCCCGCACGGTGG,1.724937271506608
GGTGGTGGCTGAGGCGGACG,0.21720033722093746
CATTGGAATCGGGGTCAAGG,1.0196378967446424
CTTCATGGGGCCATAGACCT,1.3119699668957931
GAATCGGGTTTCAGCGTGTT,-0.7713172307253853
GAGATGGACAGCGAGTTCGA,0.3357023164621502
TATTTCTGAAGTGAATGAAG,1.6885506742808358
AACAGCTCACTGATCTGGGC,1.8256564711880774
CCCCTGGGGCAGGTACAGCG,2.1666085440144585
CGTTCAGGGCATAATCGCCG,1.8515540807994615
TCACGGTGGATACCAGCACG,2.036158881141583
CAGCGTCACCCGGTAGGAAT,-1.1403739405587778
GCCATCTCTGATGGATGTGA,1.457641992689453
ACTACGACGAAGAGAACTGG,2.4286799150089173
CCTGCTTCTTCAGGTAGTTC,-0.3402885450384687
GGTACGGTCTCAGCGTCACC,1.620947886146121
GTTCGACTACGTGGAGAAGC,1.8682618831869835
TGACCGGGAAGCCCATCTGC,1.7155073504757539
ACACGGCTGCCACGCCCAGG,0.8502311778915459
CCATAAGGTCCCTGTCACTC,1.4388203724582187
TGGAGCCCTTAAAAACGTAC,-1.4248235766307609
TGGTATCCACCGTGATGACC,1.7105097706811883
AACTCAGTGACATTCCAGTT,0.28589443538771864
AATGACCTGTGGCTGAACGA,2.3483435470245517
GCTCCGCATAGTCAGCACCC,2.1502030950236986
TCTGGTAGGCAAAGGTGTGG,2.1943598279519456
TGTTCAGCGCCAGAGTGACA,1.9387898968881494
ATGATGTCCCGCACGGTGGT,1.684326263543019
GACAGGGCTGTCAGGTCCTT,-0.32435146900238543
AACGTACAGGCCCCTGTCAT,-0.6226776212751464
GATGGGGCCCGTCACGTTCA,-0.5498634272804903
GGCCCCTGTCATTGGGGGTG,-0.989996199607333
ATGCACCTCCGTACCTTCAT,-1.7000411953052206
TGGACATCTTGGGCGTGGTG,0.4674767960919084
CGCTGCGGTAGAAGCCCGCC,-0.29983115121467563
GCAACGCTATCGCCCAGGGC,1.7583524034797087
GTCTCTCTTCAATCAGGAAG,1.6154597459520161
TTGGTCCAAGGTGGTGGCCG,-0.9097366214489657
CGGTGGACCGCAGGTTGGGG,1.4337776877249304
CCGTCACATTGAGGTTCAGC,-0.3790199563508496
AATCGGGTTTCAGCGTGTTG,0.9770062946832105
AGATGGACAGCGAGTTCGAG,0.09573300435128473
ATTTCTGAAGTGAATGAAGA,-0.5345749127424719
TCCAAGTCCCTGGGCATCCT,-1.3657111958171324
CATCACGCTTATCCACCCCA,2.2385187633204566
CGCCGGCGCCATGGAGAACT,-0.8602732519090175
GCTCATGTTTGACCGCTCCG,2.118204984648182
GGAGGAAGTGCTCCTGGGAA,0.25969750624321364
CTTTGGGAAGCATGTTGGAC,-1.315204631005268
AAATAATACCAACAACTGGA,1.923325093513677
GCTGCTCAGGGCGGCCTCCC,-1.4424154552421946
TCTTGTCAATGTCGGGGGGC,-1.096575951131543
TGGCCTCCTTGCAGGTGAAA,-1.0501597699566716
AATGACCAGCAAAGAAGTTA,0.37766245407334686
CGAAGCATGGGAAGGACTTC,0.13169774435529025
GAACCGCTGGACCCTGCAGA,0.3056248646761919
TCCACCACTCTATGGTCACC,0.9560576502702389
TGTCAGTGAGTTCGACTACG,1.0730069003269325
CGCTTTACTTTGGTCCAAGG,-0.7634770847332755
GAGTGTGAGGAGATGGTCTC,-1.313935173280548
GCGGTTCATGATGTCCCGCA,2.236501441544206
GTTGGGGTCTTCTGGAAGTG,1.4726604880771283
TCCAACTCCCCACCACCGTG,2.2800436228443672
CGAGATGGGGGTCTACCTGG,1.2623810469859844
AGGCGGGTGTGGACAGCGGG,0.38429559100245214
CCTCCAGCAGCAACAAGGAG,1.0445062048798714
GCAGGTGGTCCCACAGGTTC,-0.6728749892792987
GTCCGAGGACGTATTCAAGC,-1.1283813568898973
TGTTGCTGCTGGAGGAGGAC,-0.940998784296232
ACTCGCTGTCCATCTCATAC,-0.7938332679613715
GGGGGAGTTGGCAGATGACC,1.0956994834699643
ACTGTCAGTGGTGTACTCCC,2.3695369607794694
GGTCAAGGAGGAAGTGCTCC,-0.5544189697280455
GTTTCAGCGTGTTGGGGAGG,1.3334449762798926
GGCCATCCCTGTCATCAATC,-0.7094109807111444
AGCGTCACCCGGTAGGAATC,-0.3485603560036541
ATACTGGCTGTCCTTCACCA,2.611075758339185
CTCACACTCTGGAACTCCGT,2.2032082183847503
CTCACTTGAATTCTGAGGGG,0.6388541027700878
GAAGTGGGGTGCTGGGACCT,-1.1997459875730403
GGCCCGGCCCAGTGCCATTG,0.8150795015495262
GGCCGGCGTGTTGATCTCCG,2.125935299454902
GTAGGCAAAGGTGTGGAGGT,1.8362323177492392
TGCCCGATTGATGACAGGGA,1.6833256576452627
CAGCACATCAGGCAATGAGT,2.1837216368338
CCTGTGGGACCACCTGCAGG,1.4296428759311137
CGAGGGCTTCGCCTCCTACG,1.6774962873388937
GTAGCTCAGGCTGCTCAGGG,2.5772330173390205
TACGTCCTCGGACAGGAAGC,-1.0671789932143465
TTCTGAGGGGCGGGTAACAT,-1.1045741265217863
AATGAAGGCCAGCAAGTACG,1.839846883243851
CACCCGCTCCTTGTTGCTGC,-0.9232961243013396
CAGCAAAGAAGTTAAGGATG,1.6221375715983353
CCCTCCCCCCACAGTGGTTC,-1.0543070295340105
CTGCTTCTTCAGGTAGTTCT,-1.1061156799579592
GGGCGGGTAACATTGGAATC,-0.6425400185124328
GTGCACCACCAGGTACTCGG,1.3520728858918432
GACCGGGAAGCCCATCTGCA,2.0936546238999636
GACGTCAGTGGCCTCCTTGC,0.07578748373538424
TGCTCATGAGCTGGCCCACC,-0.4279126513813942
CCTCAAGGGCTCCCTGGTGA,2.1047237424228555
GATGGGCTTCCCGGTCATCA,1.4409304706526687
GTAGACGGTGGACCGCAGGT,1.9970066080114428
AGACTTCAACGCCGGCGCCA,1.3524419467434665
ATCAGCACCGCCTGCTCCAA,0.9303800853030193
GAATGATGTGTACCGCGTGA,1.6798777341507165
GTGGATGATGATGACGTCAG,1.6767984042453818
AATATAGAAGCCCTTGGCCA,1.5615631181631713
ACTCAGTGACATTCCAGTTG,1.9208686776485937
CAGCGAGTTCGAGGGGGAGT,1.699735074178081
CCGCAGGTTGGGGTGGATCC,-0.2734083686258231
GTACCTGGGTGCTGACTATG,1.4411375982012036
TCTTTAATTGCAGCTACGTG,-0.9803361619128577
ATCGCCTCCCCAGACCAGAT,-0.5859523095793833
CCGCCGCAATGGCACTGGGC,0.025904554907420163
CGGCTCATCGAAGCATGGGA,1.9129405499037286
CTCCTTGCAGGTGAAACGGA,-0.03980957277964414
GTCAAACAGCTCACTGATCT,0.42548096252773426
TGAGGCGGACGGGGTGGTGG,-0.3087158517205548
TGCTACTGACCTCCTGCAGG,0.8131477978523431
CAGCTGGCTTACCAAGTTCC,-0.4101601771487253
GAATTTGCAGAAAGACCTCA,0.6485053189302024
GTCTTCTGGAAGTGGGGTGC,-1.0257421966021152
CACTGTGATTGCTCATGAGC,-0.8005856014098516
CCAAGGTGGTGGCCGAGGCG,1.364628448978074
GAAGGACAGCCAGTATGAGA,2.3980732839368937
GGAGCCCACCGAGTACCTGG,2.373760290744725
GGAGGCCACGGGGGAGCTGT,1.214084354821411
GGCCGAGGCGGGGTTGGTGG,0.6182341995231688
GGCTGAGGCGGACGGGGTGG,-0.46246174845801136
GGTGCACCTCAAGGGCTCCC,-0.31360289081822135
GGTGGCTGAGGCGGACGGGG,0.8683941405542299
CACAATCATCGCACTGTCAG,0.5499644914044683
CCCATCACATCCATCAGAGA,2.0002213087431056
GGACAGGGCTGTCAGGTCCT,-0.830313115382836
GGCGTTCTTGTTCTTCTCCT,0.04237959657813484
TGACGCCATCTCCTACAGCA,1.7120682043401718
GGATGGGGCCCGTCACGTTC,-0.8683551945699417
ACGCCGGCGCCATGGAGAAC,-0.5215779500911655
GAAATAATACCAACAACTGG,1.312132008763081
TGATGTCCCGCACGGTGGTG,0.5388992749444466
TGGCCGGCTCATCGAAGCAT,2.262315301821541
TGGGGCCATAGACCTCGGAG,2.100431858795611
AGTTGGGGTCTTCTGGAAGT,0.31383178703891623
CCAGAACTACCTGAAGAAGC,0.6037662387291203
GGAACCTGGTGACCATAGAG,1.872126727477056
AGGCCATCCCTGTCATCAAT,-1.2962664421371919
GGAAGTGGGGTGCTGGGACC,-0.6000571288252132
AGAGAGACAGTACATGCCCT,2.4335786051983668
ACAGGGCTGTCAGGTCCTTG,1.708688927309538
TCCAAGGTGGTGGCCGAGGC,-1.0469933646724172
TGCTGCTGGAGGAGGACAGG,1.6772805661965524
TGGGATCTCCCTCCAGTTGT,0.359326580403696
GTCCAAGGTGGTGGCCGAGG,0.47596796911338757
