sequence,efficiency,gc_content
ACGTACAGGCCCCTGTCATT,-1.0144377970540894,0.55
CGTACAGGCCCCTGTCATTG,0.7859624914697889,0.6
GTACAGGCCCCTGTCATTGG,2.0352373269385016,0.6
CGCTGAAACCCGATTCCTAC,-0.9975150094571994,0.55
TCAATGTGACGGGCTATTAC,-0.4182959891491453,0.45
TTCCTGTTGGGGCAGGGTGG,-0.5658816776919213,0.65
ACACCCTCAGCCAGGGGCAC,0.9188102566551032,0.7
GAGACAGTACATGCCCTGGG,2.310453621428016,0.6
GGGGTGTGACCTGCTTCTTC,-1.0973733083380868,0.6
TCAACTACACCCTCAGCCAG,2.0209591198330976,0.55
CTGGCAGGCCAATCTGGTCT,-0.5511865331664136,0.6
ACCAGCAAAGAAGTTAAGGA,1.392152886024414,0.4
ATCTGTGCCCGATTGATGAC,-0.3702535278436407,0.5
GAACGCCAACAGCTCCCCCG,1.364947609158138,0.7
AGATGCAGGCTGCAGATGCC,-0.1776095771925696,0.6
CCTCAGCCAGGGGCACAGGG,1.6575826572529806,0.75
GCTGAAACCCGATTCCTACC,1.079231504217784,0.55
TGCCCTCCATGTACTCGCTG,1.6538441864918507,0.6
CCTTGGACCAAAGTAAAGCG,2.1420296798676155,0.5
GCTCAGTCTTGTCAATGTCG,-0.2611839654154053,0.5
TAGAGTGGTGGAATGACCTG,2.3614836194327893,0.5
TGCACCTCCGTACCTTCATG,1.9637515619869583,0.55
CACTTCCAGAAGACCCCAAC,-1.409072483393328,0.55
GGTAATAGCCCGTCACATTG,1.6131818537748774,0.5
CGTGATGGCAGTGGATGCAC,1.9857195798939653,0.6
TACCTCACCCCCAATGACAG,1.7752414419786344,0.55
TGCGGGACATCATGAACCGC,0.4719162571003679,0.6
CAATGTGACGGGCTATTACC,0.3938146181960551,0.5
GAACCTGTGGGACCACCTGC,0.4309799985257889,0.65
TATCGCCCAGGGCGGGGAGG,-0.726805488174671,0.75
TTTACTTTGGTCCAAGGTGG,0.7885018562772341,0.45
AGTTCCAGAGTGTGAGGAGA,1.8491579750669531,0.5
CGATTATGCCCTGAACGTGA,-1.202558900715302,0.5
TGGTGGGGAGTTGGATGGAC,0.6038888590940914,0.6
CACCCTCAGCCAGGGGCACA,1.4341475587676662,0.7
TGCGGAGCCCACCTGGAACT,1.1380532899168865,0.65
TGGAACTCCGTTGGAGCAGG,2.02750606861529,0.6
CAACGCTATCGCCCAGGGCG,-1.2291530123080356,0.7
TCTCTCTTCAATCAGGAAGA,1.7184772786423848,0.4
CACCATCTACCTGAACCTGT,0.478140256006708,0.5
CTGGGGACTGGTGACCTACC,1.0445014011023463,0.65
GCAGGCATCCAATGGTGTCT,-0.4692005301445761,0.55
GCTCAACTACACCCTCAGCC,-0.6303222774035087,0.6
CGTACCTCACCCCCAATGAC,0.4600401363372199,0.6
TCAGCTGCAGAGAGACCACT,2.1497351630016137,0.55
CTCCCACTCACTGGTCCATC,-0.9270830587711174,0.6
CATTAATGACGCCTTCAACC,1.17945046772033,0.45
GGGCTTCCCGGTCATCACGG,1.854234130281439,0.7
TCCTGAGGACTGAGGCGCCC,2.010838799933664,0.7
CTGTCCAACATGCTTCCCAA,1.40186166012169,0.5
CCAGAGTGACAGGGACCTTA,-0.6941494676789723,0.55
GTTCATGATGTCCCGCACGG,2.5092099725034664,0.6
GGAGAGCATCCTGAGGACTG,-0.9409947075175022,0.6
GGTGGAGCCCACCGAGTACC,-0.1148759450879026,0.7
TGAAGTAGCTCAGGCTGCTC,0.3683957598349519,0.55
CCACCCTGTGCCCCTGGCTG,0.5886208812620808,0.75
CGTATTCAAGCAGGGCCTGG,1.933570769893178,0.6
GGACAGGGGGTCGAACAGCA,2.098185153451769,0.65
AGCGGAGCACTCACCTGGCC,-1.1796613097208102,0.7
CAGCAAGTACGTGGACATCT,-0.829228858200894,0.5
GGACGGGGTGGTGGAGGCCA,-0.9569147793852792,0.75
GGGGTTGGTGGTGGCTGAGG,0.932680938729959,0.7
GGGTGTGGACAGCGGGTGGG,1.0507860517505012,0.75
AGCCCTTGAGGTGCACCACC,0.4604421923928878,0.65
CTTCTATATTTCCAAGTCCC,0.1507891863400212,0.4
GGAGTTGGCAGATGACCTGG,1.641929452701424,0.6
TGTAGTTGAGCTTCTTGCTG,1.168465555757889,0.45
CACCAGTCCCCAGTTCTCCA,2.0573942242610155,0.6
GGTGGCCGAGGCGGGGTTGG,-0.7477238829257775,0.8
TGAGATGGACAGCGAGTTCG,0.0538553918523057,0.55
AGCACCCAGGTACTCCACGT,2.2589578317462387,0.6
CTTCCCATGCTTCGATGAGC,-0.7667174188396357,0.55
ACAGGGACCTTATGGGCACT,1.2969465295639626,0.55
ACATTCCAGTTGGGGTCTTC,-1.1480679949487185,0.5
CAGCACGGGGACCCTTTCCC,0.7463320828568332,0.7
TTCCAAGTCCCTGGGCATCC,-1.0294424917002942,0.6
CATACTGGCTGTCCTTCACC,1.27144519223547,0.55
CCGAGGCGGGTGTGGACAGC,1.0680428581908945,0.75
CCAGCAAAGAAGTTAAGGAT,1.661106861035578,0.4
GATGGACAGCGAGTTCGAGG,2.211083279032673,0.6
TCTGTGCCCGATTGATGACA,2.003379502944572,0.5
TGTGTACCGCGTGATGGCAG,2.344894980219088,0.6
CACTGGGCCGGGCCCAGATC,-1.0854062089701912,0.75
CGCCGGCGTTGAAGTCTGGC,-0.9785749507186798,0.7
CGTCAAACAGCTCACTGATC,-1.0736228225520836,0.5
TGTTCTGGTAGGCAAAGGTG,1.6042167249989312,0.5
CCCGCACGGTGGTGGGGAGT,1.2731542080637297,0.75
ATGACGCCTTCAACCTGGCC,-1.1621680500725553,0.6
TTTCTGAAGTGAATGAAGAG,1.4251227972987417,0.35
CAGTTGGGGTCTTCTGGAAG,0.0225683381903998,0.55
AAGAGAGACAGTACATGCCC,2.445136313085259,0.5
TGCACACGGCTGCCACGCCC,1.9022505239779264,0.75
CCAAGTCCCTGGGCATCCTG,0.9361601358342088,0.65
GCCGGCGCCATGGAGAACTG,2.185712237098473,0.7
GACCCCCACTCACCTGATTT,-1.126120766298779,0.55
GAGGAAGTGCTCCTGGGAAA,0.6052488395301427,0.55
CCAGGATCCACCCCAACCTG,2.144934730990656,0.65
CCCTACCCACTCCCAAAATC,-0.9244896406132934,0.55
CTCTGGAACTCCGTTGGAGC,1.5282619286919328,0.6
GGTTCAGGTAGATGGTGTTC,-0.2690388683834772,0.5
AGCTCAGTCTTGTCAATGTC,-0.4591997831041627,0.45
CGCCTCGGAGATCAACACGC,1.9856753312211808,0.65
TTTGGGAAGCATGTTGGACA,1.2863395353012237,0.45
TCAGAAATAATACCAACAAC,1.044218317215802,0.3
ACACCATCTACCTGAACCTG,0.9570880216516322,0.5
ACCCAGGTACTCCACGTAGG,2.024001604092792,0.6
TCAGTCTTGTCAATGTCGGG,2.05633027791502,0.5
TGGCTTACCAAGTTCCAGGT,2.449921408252488,0.5
CTGCTCAGGGCGGCCTCCCA,-0.8815101294616561,0.75
GTGGTCCTGCGTGGTGTGGG,1.0610998576320796,0.7
AGACGGTGGACCGCAGGTTG,0.7343559374946622,0.65
CTTGTCAATGTCGGGGGGCT,-0.8675435333247457,0.6
TCTCTTCGTCGTAGTTCACC,2.517627139353592,0.5
ATCGCCGTGGCCCGCCGCAA,1.785373279212532,0.75
GAAGCATGGGAAGGACTTCC,-0.7801846244781618,0.55
TGCAGCCTGCATCTGTGTAG,1.866831896549508,0.55
AACCGCTGGACCCTGCAGAT,-0.2837475441907777,0.6
CTTCGATGAGCCGGCCATGA,0.8283377061753132,0.6
TTTGACCGCTCCGAGGTCTA,-0.9865864788102492,0.55
CCCCGCCTCGGCCACCACCT,-1.059345515679297,0.8
GGTGGTGGCCGAGGCGGGGT,0.2108688862796501,0.8
CAGCTCAGTCTTGTCAATGT,-0.0626707994633548,0.45
CCCAGGGCGCCTCAGTCCTC,-0.8676425397957281,0.75
CCGCTCCTTGTTGCTGCTGG,-0.8587360233481114,0.65
GCAGGACCACCCTGTGCCCC,0.0935823139682252,0.75
AACGATCTCTTCAGCACATC,-1.5602324108659902,0.45
CACCGTCCGTTTCACCTGCA,1.1395227156667431,0.6
CTCAGTCTTGTCAATGTCGG,-0.5619138554057237,0.5
GAGGATCCCCAGGATGCCCA,1.652798171079425,0.65
GCCCTGCTTGAATACGTCCT,1.7596315854647422,0.55
GGGCACAGGGTGGTCCTGCG,0.750466276107387,0.75
TCCCCAGTTCTCCATGGCGC,2.1123468407094137,0.65
CAGAGATGGCAGACAGCAGC,0.6473466604874218,0.6
CCAACTCCCCACCACCGTGC,2.1920061827151383,0.7
CTGCTCACTTGAATTCTGAG,0.8467286765717965,0.45
CCCGCTGTCCACACCCGCCT,0.6536981391448453,0.75
CTCACCTTTGGGAAGCATGT,1.122904433789886,0.5
GCCTCATACCAAGACACCAT,1.900297778918304,0.5
GGAGGATCCCCAGGATGCCC,1.4242492721040207,0.7
TCTGCTCACTTGAATTCTGA,-0.5470236157988566,0.4
ATCTGCTCACTTGAATTCTG,-1.2428776448534018,0.4
CGACATTGACAAGACTGAGC,0.6233680712754959,0.5
GAGATGGGGGTCTACCTGGT,1.1111009776185057,0.6
CACGGTGGTGGGGAGTTGGA,1.2090485448440962,0.65
CTCCTTGTTGCTGCTGGAGG,-1.1616295447125502,0.6
GCTTGAATACGTCCTCGGAC,1.5468770618194083,0.55
GGGCATCCTGGGGATCCTCC,-1.228864909330225,0.7
GTCCTCCTCCAGCAGCAACA,0.2348473747279094,0.6
CATTGACAAGACTGAGCTGG,1.4177338038828502,0.5
GGACGTATTCAAGCAGGGCC,0.7840938628173042,0.6
GGCGGGGTTGGTGGTGGCTG,-0.3793793947245802,0.75
GGCGGGTGTGGACAGCGGGT,1.98383702257372,0.75
GTACCTGGTGGTGCACCTCA,0.3103787656548817,0.6
CGCCATGGAGAACTGGGGAC,-0.2170553197703491,0.65
CTACTGCAACGCTATCGCCC,2.010993099974063,0.6
ACACCTTGCAGATCCGGATC,-0.628307127211734,0.55
AGCCACCACCAACCCCGCCT,-1.1556292423853094,0.7
CAGCAGCAACAAGGAGCGGG,1.9827740211231093,0.65
CCCACCATCACCATGGCCAA,1.91403125194754,0.6
CTCCAGCAGCAACAAGGAGC,0.4558436619313273,0.6
ATGTGCTGAAGAGATCGTTC,-0.7378571367594553,0.45
CTGCTGTCTGCCATCTCTGA,0.2549087451369463,0.55
GGCATCCTGGGGATCCTCCT,0.3875555797592351,0.65
GGCGATAGCGTTGCAGTAGA,-1.2209409802227835,0.55
TCCGAGGACGTATTCAAGCA,-0.2012819968272801,0.5
GAGGTGCACCACCAGGTACT,0.1521821970086225,0.6
GCAGGTGAAACGGACGGTGC,-0.7480297122496591,0.65
GTTGCTGCTGGAGGAGGACA,1.523888756116099,0.6
CAGCAGGGAGTTCTCCCGGT,1.938151688130848,0.65
TACCTGGTGGTGCACCTCAA,0.0373739130599162,0.55
GGCAGGGCCCACTCACCTTT,-0.5663595407584623,0.65
GTGGCCCGCCGCAATGGCAC,-0.2820895692807408,0.75
CGGGGTGGTGGAGGCCACGG,1.1915082217175232,0.8
GATTATGCCCTGAACGTGAC,1.0176403603815365,0.5
CTGCACCTTGCTGTAGGAGA,0.4576270924035164,0.55
CTTCTACCGCAGCGAGTACA,1.252417729794928,0.55
GTCAAGGAGGAAGTGCTCCT,0.3886727816300066,0.55
TAACATTGGAATCGGGGTCA,-0.7043438921095895,0.45
TGAACTACGACGAAGAGAAC,1.682492077738054,0.45
TGTGGACAGCGGGTGGGAGG,0.7948741292535288,0.7
AACGATTCCACGCTTTACTT,-1.2539002989018293,0.4
ACACATCATTCAGCACCATG,0.9320333813146996,0.45
CATCACGGTGGATACCAGCA,2.022042997385828,0.55
GTCGAACTCACTGACAATGA,1.9241987426168732,0.45
TACTGCAACGCTATCGCCCA,-0.9455842281587952,0.55
CTGGTATCCACCGTGATGAC,-0.1404900635026136,0.55
CATGCACCTCCGTACCTTCA,-0.7321426068234107,0.55
GTGGAGAAGCAGGCATCCAA,2.172759682065548,0.55
TGCAACGCTATCGCCCAGGG,1.449367720305455,0.65
CACCTTGCAGATCCGGATCT,-0.4908759176330886,0.55
ACCCACAGGCTGTGAACAAC,-0.8452716555738959,0.55
ATGGCGCCGGCGTTGAAGTC,-0.372134895558565,0.65
GTTGGAGCAGGCGGTGCTGA,2.01957330455158,0.65
GTTTATTCCCAGTGCCCATA,-1.03173349004709,0.45
TCAGCACATCAGGCAATGAG,2.135578263778326,0.5
CAGTGCGATGATTGTGCACA,-0.8491596460352353,0.5
CCCCTCCCCCCACAGTGGTT,-1.0069325674895708,0.7
CCTCCTGCAGGTGGTCCCAC,-1.0370946003499029,0.7
GGGGCGGGTAACATTGGAAT,-0.5116122809563937,0.55
TGTGCTGAAGAGATCGTTCT,1.082577440443952,0.45
TCACTTGAATTCTGAGGGGC,1.0277127390586678,0.5
CCTTCACCAGGGAGCCCTTG,-0.0835351323086932,0.65
TGGCGTTCTTGTTCTTCTCC,-0.6682859268601558,0.5
ATGGCCGGCTCATCGAAGCA,1.0956935424424294,0.6
GCCTCCTACGTGGAGTACCT,0.7163762875431274,0.6
TACCGCAGCGAGTACATGGA,2.007034166630472,0.55
TTGCTGCTGGAGGAGGACAG,1.0810248716931827,0.6
CTCAACTACACCCTCAGCCA,1.1212879052881295,0.55
TCTGGCAGGCCAATCTGGTC,-0.451664931643192,0.6
CGGGTTTCAGCGTGTTGGGG,1.2706087004404625,0.65
GGAAGCTGGAGAGCATCCTG,-0.7877848365743958,0.6
GGGCTGTCAGGTCCTTGGGG,1.9925347330585976,0.7
GTACCTCACCCCCAATGACA,0.22871411419524,0.55
ACTGGGGACTGGTGACCTAC,0.776601111293191,0.6
AGCGGGCTGCACCTTGCTGT,1.3467293909571314,0.65
AGGACAGGGGGTCGAACAGC,-0.7298786126570107,0.65
CGAAGCCCTCGTTCAGCCAC,1.3601561693181257,0.65
GGCGGGTAACATTGGAATCG,0.8921270994606303,0.55
GGTGGCAGACACTCACCGAG,2.374384314195419,0.65
TGCACCACCAGGTACTCGGT,2.1977387497610987,0.6
GACAGGGACCTTATGGGCAC,1.5137922349455248,0.6
TCCGAGGCGGGTGTGGACAG,2.1420921940782627,0.7
GCAGACAGCAGCAGGACTAC,1.2819819447947154,0.6
TTGAACTCGGCCTTCATGGC,1.3773456327897229,0.55
CCACGCTTTACTTTGGTCCA,0.0229457634341496,0.5
GGCCTGCCAGACTTCAACGC,2.253937178223646,0.65
CGCTATCGCCCAGGGCGGGG,-0.6478895753097866,0.8
GTACGTGGACATCTTGGGCG,1.8635189222694264,0.6
AGGGTGGTCCTGCGTGGTGT,0.7644754677751617,0.65
CGTCCGTTTCACCTGCAAGG,2.0276880112579327,0.6
CTGGCTTACCAAGTTCCAGG,0.9566745791375286,0.55
TAGACGGTGGACCGCAGGTT,0.9755653255415488,0.6
CCTGAGGACTGAGGCGCCCT,0.6125253527758332,0.7
CCTGGGGATCCTCCTGGGCG,-1.1800663996474885,0.75
CAGGTCATTCCACCACTCTA,1.149432604565602,0.5
GAGACCATCTCCTCACACTC,0.1089062132643556,0.55
GTGCATCCACTGCCATCACG,2.297200692240441,0.6
AGGGTGCAGTACTCACCGCC,0.6875009161576244,0.65
AGTGCCATTGCGGCGGGCCA,-1.346989345140944,0.7
CTGTCATTGGGGGTGAGGTA,0.652398831698811,0.55
TGGCCCGCCGCAATGGCACT,-0.4634632109253971,0.7
CAGAGTGACAGGGACCTTAT,-1.2460853707741837,0.5
ACGGGGTGGTGGAGGCCACG,1.655986658761,0.75
GATGTTGAACTCGGCCTTCA,0.2154996195674776,0.5
GTTGATCTCCGAGGCGGGTG,1.5335144752494632,0.65
TGAAGTCTGGCAGGCCAATC,-0.8349251372559525,0.55
TGCAGTAGACGGTGGACCGC,1.7603435545481538,0.65
CAACGGAGTTCCAGAGTGTG,1.204969320652978,0.55
CGAGGTCTATGGCCCCATGA,0.7658532052436442,0.6
CTGGGAAAGGGTCCCCGTGC,-0.6000123240874977,0.7
CCACGCCCAGGAGGATCCCC,0.8746925907210361,0.75
GACCCTGCAGATGGGCTTCC,-1.337811848330631,0.65
CGCCTCCTACGTGGAGTACC,-0.804681042537311,0.65
CTACCGCAGCGAGTACATGG,2.1851489723605653,0.6
GAAGTAGCTCAGGCTGCTCA,1.6761654625271625,0.55
GCATGTTGGACAGGGCTGTC,-0.3445257542040441,0.6
CACCCTGTGCCCCTGGCTGA,0.8461129154188924,0.7
TACTGGCTGATAGATGTAAG,-0.614101182194176,0.4
ACACTCACGGGTTATTATTG,0.2882860887466378,0.4
CACTCACCTGGCCAGGTTGA,0.2233048054479063,0.6
GGAGATCCCAGAAAACCTGA,-1.0517288330619443,0.5
CCCCAGGATGCCCAGGGACT,-1.005620535578501,0.7
GCTCTCCAGCTTCCTGTCCG,1.9439458832024703,0.65
CAGGGTGGTCCTGCGTGGTG,-0.7778778843051004,0.7
TGTACTGTCTCTCTTCAATC,1.4324334626747213,0.4
AGCAAGTACGTGGACATCTT,-0.2012013005497177,0.45
CGCCGCAATGGCACTGGGCC,-1.3479107406558164,0.75
CGGCCCAGTGCCATTGCGGC,-1.090280473889866,0.75
GGCGTGTTGATCTCCGAGGC,1.754806505201918,0.65
GACGGGGTGGTGGAGGCCAC,0.7331898104445429,0.75
GGCTGCTACTGACCTCCTGC,0.178265661327968,0.65
GGGAGCCTCCCACACCACGC,0.6362995378602623,0.75
ACCTGGTGACCATAGAGTGG,2.6941979060207206,0.55
AGCCCATCTGCAGGGTCCAG,2.068016509707366,0.65
CTTGGAAATATAGAAGCCCT,2.114412693216273,0.4
GACACTCACGGGTTATTATT,-0.9690095137066708,0.4
CCCATCCTTAACTTCTTTGC,-0.757192750256845,0.45
CCGGCCCAGTGCCATTGCGG,1.6135172379571063,0.75
CGGCGTGTTGATCTCCGAGG,2.132518379201109,0.65
GATAGCGTTGCAGTAGACGG,2.462259029499318,0.55
TTCTATATTTCCAAGTCCCT,0.9512418101444736,0.35
AGACACTCACGGGTTATTAT,-1.133037888881156,0.4
GAGTTGGCAGATGACCTGGC,1.353612482936878,0.6
TCTTCTGGAAGTGGGGTGCT,-0.5328036251895334,0.55
TTGGTGGTGGCTGAGGCGGA,0.7875787292382714,0.65
CCTGCTGAACCTCAATGTGA,0.9229791519526264,0.5
CGAACAGCAGGGAGTTCTCC,1.3510209660521042,0.6
GGTGGCCACTACACAGATGC,1.2071990260615948,0.6
TCTCCATCCACTGCTTGAAA,-1.290903170892424,0.45
TGGTGGTGGCTGAGGCGGAC,-0.9183765791270772,0.7
CGGTCTCAGCGTCACCCGGT,-0.1942776796557694,0.7
GATGGTGTTCTGGTAGGCAA,0.7122803816048418,0.5
GGAATCGGGTTTCAGCGTGT,-0.8175771941719692,0.55
ATCACGGTGGATACCAGCAC,2.0356265629278845,0.55
CTGCTGAACCTCAATGTGAC,0.0773121272301509,0.5
CTGACTATGCGGAGCCCACC,-0.2809873803330287,0.65
GAATGACCTGTGGCTGAACG,0.5213356457617628,0.55
GATAAGCGTGATGTTGAACT,0.9521981230720424,0.4
GTCCCACAGGTTCAGGTAGA,-0.7016409815784979,0.55
TTGTTCAGCGCCAGAGTGAC,-0.6622895263580482,0.55
CAGGTAGATGGTGTTCTGGT,2.276053929981076,0.5
CATGATGTCCCGCACGGTGG,1.724937271506608,0.65
GGTGGTGGCTGAGGCGGACG,0.2172003372209374,0.75
CATTGGAATCGGGGTCAAGG,1.0196378967446424,0.55
CTTCATGGGGCCATAGACCT,1.3119699668957931,0.55
GAATCGGGTTTCAGCGTGTT,-0.7713172307253853,0.5
GAGATGGACAGCGAGTTCGA,0.3357023164621502,0.55
TATTTCTGAAGTGAATGAAG,1.6885506742808358,0.3
AACAGCTCACTGATCTGGGC,1.8256564711880772,0.55
CCCCTGGGGCAGGTACAGCG,2.1666085440144585,0.75
CGTTCAGGGCATAATCGCCG,1.8515540807994613,0.6
TCACGGTGGATACCAGCACG,2.036158881141583,0.6
CAGCGTCACCCGGTAGGAAT,-1.1403739405587778,0.6
GCCATCTCTGATGGATGTGA,1.457641992689453,0.5
ACTACGACGAAGAGAACTGG,2.4286799150089173,0.5
CCTGCTTCTTCAGGTAGTTC,-0.3402885450384687,0.5
GGTACGGTCTCAGCGTCACC,1.620947886146121,0.65
GTTCGACTACGTGGAGAAGC,1.8682618831869835,0.55
TGACCGGGAAGCCCATCTGC,1.715507350475754,0.65
ACACGGCTGCCACGCCCAGG,0.8502311778915459,0.75
CCATAAGGTCCCTGTCACTC,1.4388203724582187,0.55
TGGAGCCCTTAAAAACGTAC,-1.4248235766307609,0.45
TGGTATCCACCGTGATGACC,1.7105097706811885,0.55
AACTCAGTGACATTCCAGTT,0.2858944353877186,0.4
AATGACCTGTGGCTGAACGA,2.348343547024552,0.5
GCTCCGCATAGTCAGCACCC,2.1502030950236986,0.65
TCTGGTAGGCAAAGGTGTGG,2.1943598279519456,0.55
TGTTCAGCGCCAGAGTGACA,1.9387898968881492,0.55
ATGATGTCCCGCACGGTGGT,1.684326263543019,0.6
GACAGGGCTGTCAGGTCCTT,-0.3243514690023854,0.6
AACGTACAGGCCCCTGTCAT,-0.6226776212751464,0.55
GATGGGGCCCGTCACGTTCA,-0.5498634272804903,0.65
GGCCCCTGTCATTGGGGGTG,-0.989996199607333,0.7
ATGCACCTCCGTACCTTCAT,-1.7000411953052206,0.5
TGGACATCTTGGGCGTGGTG,0.4674767960919084,0.6
CGCTGCGGTAGAAGCCCGCC,-0.2998311512146756,0.75
GCAACGCTATCGCCCAGGGC,1.758352403479709,0.7
GTCTCTCTTCAATCAGGAAG,1.615459745952016,0.45
TTGGTCCAAGGTGGTGGCCG,-0.9097366214489656,0.65
CGGTGGACCGCAGGTTGGGG,1.4337776877249304,0.75
CCGTCACATTGAGGTTCAGC,-0.3790199563508496,0.55
AATCGGGTTTCAGCGTGTTG,0.9770062946832104,0.5
AGATGGACAGCGAGTTCGAG,0.0957330043512847,0.55
ATTTCTGAAGTGAATGAAGA,-0.5345749127424719,0.3
TCCAAGTCCCTGGGCATCCT,-1.3657111958171324,0.6
CATCACGCTTATCCACCCCA,2.2385187633204566,0.55
CGCCGGCGCCATGGAGAACT,-0.8602732519090175,0.7
GCTCATGTTTGACCGCTCCG,2.118204984648182,0.6
GGAGGAAGTGCTCCTGGGAA,0.2596975062432136,0.6
CTTTGGGAAGCATGTTGGAC,-1.315204631005268,0.5
AAATAATACCAACAACTGGA,1.923325093513677,0.3
GCTGCTCAGGGCGGCCTCCC,-1.4424154552421946,0.8
TCTTGTCAATGTCGGGGGGC,-1.096575951131543,0.6
TGGCCTCCTTGCAGGTGAAA,-1.0501597699566716,0.55
AATGACCAGCAAAGAAGTTA,0.3776624540733468,0.35
CGAAGCATGGGAAGGACTTC,0.1316977443552902,0.55
GAACCGCTGGACCCTGCAGA,0.3056248646761919,0.65
TCCACCACTCTATGGTCACC,0.9560576502702388,0.55
TGTCAGTGAGTTCGACTACG,1.0730069003269325,0.5
CGCTTTACTTTGGTCCAAGG,-0.7634770847332755,0.5
GAGTGTGAGGAGATGGTCTC,-1.313935173280548,0.55
GCGGTTCATGATGTCCCGCA,2.236501441544206,0.6
GTTGGGGTCTTCTGGAAGTG,1.4726604880771283,0.55
TCCAACTCCCCACCACCGTG,2.2800436228443672,0.65
CGAGATGGGGGTCTACCTGG,1.2623810469859844,0.65
AGGCGGGTGTGGACAGCGGG,0.3842955910024521,0.75
CCTCCAGCAGCAACAAGGAG,1.0445062048798714,0.6
GCAGGTGGTCCCACAGGTTC,-0.6728749892792987,0.65
GTCCGAGGACGTATTCAAGC,-1.1283813568898973,0.55
TGTTGCTGCTGGAGGAGGAC,-0.940998784296232,0.6
ACTCGCTGTCCATCTCATAC,-0.7938332679613715,0.5
GGGGGAGTTGGCAGATGACC,1.0956994834699645,0.65
ACTGTCAGTGGTGTACTCCC,2.3695369607794694,0.55
GGTCAAGGAGGAAGTGCTCC,-0.5544189697280455,0.6
GTTTCAGCGTGTTGGGGAGG,1.3334449762798926,0.6
GGCCATCCCTGTCATCAATC,-0.7094109807111444,0.55
AGCGTCACCCGGTAGGAATC,-0.3485603560036541,0.6
ATACTGGCTGTCCTTCACCA,2.611075758339185,0.5
CTCACACTCTGGAACTCCGT,2.2032082183847503,0.55
CTCACTTGAATTCTGAGGGG,0.6388541027700878,0.5
GAAGTGGGGTGCTGGGACCT,-1.1997459875730403,0.65
GGCCCGGCCCAGTGCCATTG,0.8150795015495262,0.75
GGCCGGCGTGTTGATCTCCG,2.125935299454902,0.7
GTAGGCAAAGGTGTGGAGGT,1.8362323177492392,0.55
TGCCCGATTGATGACAGGGA,1.6833256576452629,0.55
CAGCACATCAGGCAATGAGT,2.1837216368338,0.5
CCTGTGGGACCACCTGCAGG,1.4296428759311135,0.7
CGAGGGCTTCGCCTCCTACG,1.6774962873388937,0.7
GTAGCTCAGGCTGCTCAGGG,2.5772330173390205,0.65
TACGTCCTCGGACAGGAAGC,-1.0671789932143465,0.6
TTCTGAGGGGCGGGTAACAT,-1.1045741265217863,0.55
AATGAAGGCCAGCAAGTACG,1.839846883243851,0.5
CACCCGCTCCTTGTTGCTGC,-0.9232961243013396,0.65
CAGCAAAGAAGTTAAGGATG,1.6221375715983353,0.4
CCCTCCCCCCACAGTGGTTC,-1.0543070295340105,0.7
CTGCTTCTTCAGGTAGTTCT,-1.1061156799579592,0.45
GGGCGGGTAACATTGGAATC,-0.6425400185124328,0.55
GTGCACCACCAGGTACTCGG,1.3520728858918432,0.65
GACCGGGAAGCCCATCTGCA,2.093654623899964,0.65
GACGTCAGTGGCCTCCTTGC,0.0757874837353842,0.65
TGCTCATGAGCTGGCCCACC,-0.4279126513813942,0.65
CCTCAAGGGCTCCCTGGTGA,2.1047237424228555,0.65
GATGGGCTTCCCGGTCATCA,1.4409304706526689,0.6
GTAGACGGTGGACCGCAGGT,1.9970066080114428,0.65
AGACTTCAACGCCGGCGCCA,1.3524419467434663,0.65
ATCAGCACCGCCTGCTCCAA,0.9303800853030192,0.6
GAATGATGTGTACCGCGTGA,1.6798777341507165,0.5
GTGGATGATGATGACGTCAG,1.6767984042453818,0.5
AATATAGAAGCCCTTGGCCA,1.5615631181631713,0.45
ACTCAGTGACATTCCAGTTG,1.9208686776485937,0.45
CAGCGAGTTCGAGGGGGAGT,1.699735074178081,0.65
CCGCAGGTTGGGGTGGATCC,-0.2734083686258231,0.7
GTACCTGGGTGCTGACTATG,1.4411375982012036,0.55
TCTTTAATTGCAGCTACGTG,-0.9803361619128576,0.4
ATCGCCTCCCCAGACCAGAT,-0.5859523095793833,0.6
CCGCCGCAATGGCACTGGGC,0.0259045549074201,0.75
CGGCTCATCGAAGCATGGGA,1.9129405499037289,0.6
CTCCTTGCAGGTGAAACGGA,-0.0398095727796441,0.55
GTCAAACAGCTCACTGATCT,0.4254809625277342,0.45
TGAGGCGGACGGGGTGGTGG,-0.3087158517205548,0.75
TGCTACTGACCTCCTGCAGG,0.8131477978523431,0.6
CAGCTGGCTTACCAAGTTCC,-0.4101601771487253,0.55
GAATTTGCAGAAAGACCTCA,0.6485053189302024,0.4
GTCTTCTGGAAGTGGGGTGC,-1.0257421966021152,0.6
CACTGTGATTGCTCATGAGC,-0.8005856014098516,0.5
CCAAGGTGGTGGCCGAGGCG,1.364628448978074,0.75
GAAGGACAGCCAGTATGAGA,2.3980732839368937,0.5
GGAGCCCACCGAGTACCTGG,2.373760290744725,0.7
GGAGGCCACGGGGGAGCTGT,1.214084354821411,0.75
GGCCGAGGCGGGGTTGGTGG,0.6182341995231688,0.8
GGCTGAGGCGGACGGGGTGG,-0.4624617484580113,0.8
GGTGCACCTCAAGGGCTCCC,-0.3136028908182213,0.7
GGTGGCTGAGGCGGACGGGG,0.8683941405542299,0.8
CACAATCATCGCACTGTCAG,0.5499644914044683,0.5
CCCATCACATCCATCAGAGA,2.0002213087431056,0.5
GGACAGGGCTGTCAGGTCCT,-0.830313115382836,0.65
GGCGTTCTTGTTCTTCTCCT,0.0423795965781348,0.5
TGACGCCATCTCCTACAGCA,1.7120682043401718,0.55
GGATGGGGCCCGTCACGTTC,-0.8683551945699417,0.7
ACGCCGGCGCCATGGAGAAC,-0.5215779500911655,0.7
GAAATAATACCAACAACTGG,1.312132008763081,0.35
TGATGTCCCGCACGGTGGTG,0.5388992749444466,0.65
TGGCCGGCTCATCGAAGCAT,2.262315301821541,0.6
TGGGGCCATAGACCTCGGAG,2.100431858795611,0.65
AGTTGGGGTCTTCTGGAAGT,0.3138317870389162,0.5
CCAGAACTACCTGAAGAAGC,0.6037662387291203,0.5
GGAACCTGGTGACCATAGAG,1.872126727477056,0.55
AGGCCATCCCTGTCATCAAT,-1.296266442137192,0.5
GGAAGTGGGGTGCTGGGACC,-0.6000571288252132,0.7
AGAGAGACAGTACATGCCCT,2.4335786051983668,0.5
ACAGGGCTGTCAGGTCCTTG,1.708688927309538,0.6
TCCAAGGTGGTGGCCGAGGC,-1.0469933646724172,0.7
TGCTGCTGGAGGAGGACAGG,1.6772805661965524,0.65
TGGGATCTCCCTCCAGTTGT,0.359326580403696,0.55
GTCCAAGGTGGTGGCCGAGG,0.4759679691133875,0.7
